"01101","Dys","01"
"01102","Dysk","01"
"01103","Dys","01"
"01104","Dys΋","01"
"01105","DysL","01"
"01106","Dys","01"
"01107","Dys","01"
"01108","Dysʋ","01"
"01109","Dys","01"
"01110","Dysc","01"
"01202","َs","01"
"01203","Ms","01"
"01204","s","01"
"01205","s","01"
"01206","Hs","01"
"01207","эLs","01"
"01208","ks","01"
"01209","[s","01"
"01210","〈s","01"
"01211","ԑs","01"
"01212","Gs","01"
"01213","Ϗqs","01"
"01214","ts","01"
"01215","Ss","01"
"01216","ʎs","01"
"01217","]ʎs","01"
"01218","ԕs","01"
"01219","ʎs","01"
"01220","mʎs","01"
"01221","s","01"
"01222","O}s","01"
"01223","s","01"
"01224","Ύs","01"
"01225","s","01"
"01226","s","01"
"01227","̎us","01"
"01228","[s","01"
"01229","xǖs","01"
"01230","oʎs","01"
"01231","bs","01"
"01233","ɒBs","01"
"01234","kLs","01"
"01235","Ύs","01"
"01236","kls","01"
"01303","ΎSʒ","01"
"01304","ΎSVÑ","01"
"01331","OSO","01"
"01332","OS","01"
"01333","Sm","01"
"01334","S،Ó","01"
"01337","TcSђ","01"
"01343","S","01"
"01345","SX","01"
"01346","CS_","01"
"01347","RzS","01"
"01361","wRS]","01"
"01362","wRSm","01"
"01363","wRS򕔒","01"
"01364","uS","01"
"01367","KSK","01"
"01370","IS","01"
"01371","vSȒ","01"
"01391","qSq","01"
"01392","sSs","01"
"01393","sS","01"
"01394","JSz","01"
"01395","cSjZR","01"
"01396","cS^둺","01"
"01397","cSs","01"
"01398","cSΕʒ","01"
"01399","cSɒ","01"
"01400","cSm","01"
"01401","Sa","01"
"01402","S","01"
"01403","ÉFS","01"
"01404","ÉFS_b","01"
"01405","ϒOSϒO","01"
"01406","ÕSÕ","01"
"01407","]sSmؒ","01"
"01408","]sS]s","01"
"01409","]sSԈ쑺","01"
"01423","mSy","01"
"01424","mSވ]","01"
"01425","mS㍻쒬","01"
"01427","[SRm","01"
"01428","[S","01"
"01429","[SIR","01"
"01430","ˌS`","01"
"01431","ˌSYP","01"
"01432","ˌSV\Ð쒬","01"
"01433","JSw","01"
"01434","JSʒ","01"
"01436","JSJ","01"
"01437","JSk","01"
"01438","JSc","01"
"01452","S鐲","01"
"01453","S_y","01"
"01454","S","01"
"01455","Sz","01"
"01456","Sʒ","01"
"01457","S쒬","01"
"01458","S쒬","01"
"01459","Sl","01"
"01460","mSxǖ쒬","01"
"01461","mSxǖ쒬","01"
"01462","mSxǖ쒬","01"
"01463","ES芥","01"
"01464","Sa","01"
"01465","S","01"
"01468","S쒬","01"
"01469","S[","01"
"01470","SЎq{","01"
"01471","S쒬","01"
"01472","JSy","01"
"01481","ьSђ","01"
"01482","GS","01"
"01483","ϑOSϑO","01"
"01484","ϑOSHy","01"
"01485","ϑOSRʑ","01"
"01486","VSʒ","01"
"01487","VSV","01"
"01511","@JS","01"
"01512","}KSlڕʒ","01"
"01513","}KSڕʒ","01"
"01514","}KS}K","01"
"01516","VSLx","01"
"01517","當S當","01"
"01518","KSK","01"
"01519","KSKxm","01"
"01520","VSy","01"
"01543","ԑSy","01"
"01544","ԑSÕʒ","01"
"01545","ΗSΗ","01"
"01546","ΗS","01"
"01547","ΗS","01"
"01549","CSPq{","01"
"01550","CSu˒","01"
"01552","CSCԒ","01"
"01555","ʌSy","01"
"01559","ʌSNʒ","01"
"01560","ʌS㒬","01"
"01561","ʌS","01"
"01562","ʌS","01"
"01563","ʌSY","01"
"01564","ԑS","01"
"01571","cSLY","01"
"01575","LSs˒","01"
"01578","VSV","01"
"01581","ES^","01"
"01584","cSΒ","01"
"01585","ES","01"
"01586","ESނ풬","01"
"01601","S","01"
"01602","S撬","01"
"01604","VSV","01"
"01607","Y͌SY͒","01"
"01608","lSl","01"
"01609","yS","01"
"01610","SVЂ","01"
"01631","͓SX","01"
"01632","͓Smy","01"
"01633","͓Smy","01"
"01634","͓Sǒ","01"
"01635","SV","01"
"01636","S","01"
"01637","͐S莺","01"
"01638","͐SD","01"
"01639","͐SXʑ","01"
"01641","LS","01"
"01642","LSL","01"
"01643","Sʒ","01"
"01644","Src","01"
"01645","SL","01"
"01646","S{ʒ","01"
"01647","S","01"
"01648","Sʒ","01"
"01649","\SYy","01"
"01661","HSH","01"
"01662","݌Sݒ","01"
"01663","݌Sl","01"
"01664","SW","01"
"01665","Sq","01"
"01667","Sߋ","01"
"01668","fSf","01"
"01691","tSʊC","01"
"01692","WÌSWÒ","01"
"01693","WÌSWÒ","01"
"01694","ڗSP","01"
"02201","Xs","02"
"02202","OOs","02"
"02203","ˎs","02"
"02204","Ύs","02"
"02205","܏쌴s","02"
"02206","\acs","02"
"02207","Os","02"
"02208","ނs","02"
"02209","s","02"
"02210","s","02"
"02301","ÌyS","02"
"02303","ÌySʒ","02"
"02304","ÌySHc","02"
"02307","ÌySOl","02"
"02321","ÌyS˃","02"
"02323","ÌyS[Y","02"
"02343","ÌySډ","02"
"02361","ÌyS蒬","02"
"02362","ÌySk","02"
"02367","ÌyScɊّ","02"
"02381","kÌyS","02"
"02384","kÌySߓc","02"
"02387","kÌyS","02"
"02401","kSӒn","02"
"02402","kS˒","02"
"02405","kSZ˒","02"
"02406","kSl","02"
"02408","kSk","02"
"02411","kSZ","02"
"02412","kS点","02"
"02423","kSԒ","02"
"02424","kSʑ","02"
"02425","kSԉY","02"
"02426","kS䑺","02"
"02441","OˌSO˒","02"
"02442","OˌS܌˒","02"
"02443","OˌScq","02"
"02445","OˌS암","02"
"02446","OˌSK㒬","02"
"02450","OˌSV","02"
"03201","s","03"
"03202","{Îs","03"
"03203","Dns","03"
"03205","Ԋs","03"
"03206","ks","03"
"03207","vs","03"
"03208","s","03"
"03209","֎s","03"
"03210","Ocs","03"
"03211","Ύs","03"
"03213","ˎs","03"
"03214","s","03"
"03215","Bs","03"
"03216","s","03"
"03301","SΒ","03"
"03302","S","03"
"03303","S蒬","03"
"03321","gSg","03"
"03322","gSВ","03"
"03366","aSa꒬","03"
"03381","_SP蒬","03"
"03402","ֈS","03"
"03441","CSZc","03"
"03461","ɌSƒ","03"
"03482","ɌSRc","03"
"03483","ɌS","03"
"03484","ɌSc씨","03"
"03485","ɌS㑺","03"
"03501","ˌSyĒ","03"
"03503","ˌSc","03"
"03506","ˌSˑ","03"
"03507","ˌSm쒬","03"
"03524","ˌS˒","03"
"04101","st","04"
"04102","s{","04"
"04103","sы","04"
"04104","s","04"
"04105","s","04"
"04202","Ίs","04"
"04203","}s","04"
"04205","Cs","04"
"04206","Ύs","04"
"04207","s","04"
"04208","pcs","04"
"04209","s","04"
"04211","s","04"
"04212","oĎs","04"
"04213","Is","04"
"04214","s","04"
"04215","s","04"
"04216","xJs","04"
"04301","cS","04"
"04302","cSh","04"
"04321","ēcS͌","04"
"04322","ēcSc","04"
"04323","ēcSēc","04"
"04324","ēcS蒬","04"
"04341","ɋSېX","04"
"04361","jSj","04"
"04362","jSR","04"
"04401","{S","04"
"04404","{Sl","04"
"04406","{S{","04"
"04421","Sa","04"
"04422","S勽","04"
"04424","St","04"
"04444","SF","04"
"04445","S","04"
"04501","cSOJ","04"
"04505","cS","04"
"04581","S쒬","04"
"04606","{gSO","04"
"05201","Hcs","05"
"05202","\s","05"
"05203","s","05"
"05204","َs","05"
"05206","js","05"
"05207","s","05"
"05209","ps","05"
"05210","R{s","05"
"05211","s","05"
"05212","s","05"
"05213","kHcs","05"
"05214","ɂَs","05"
"05215","ks","05"
"05303","pS⒬","05"
"05327","kHcS㏬m","05"
"05346","R{S","05"
"05348","R{SO풬","05"
"05349","R{S","05"
"05361","HcS܏ڒ","05"
"05363","HcSY","05"
"05366","HcS쒬","05"
"05368","HcS劃","05"
"05434","kS","05"
"05463","YSH㒬","05"
"05464","YS","05"
"06201","R`s","06"
"06202","đs","06"
"06203","߉s","06"
"06204","cs","06"
"06205","Vs","06"
"06206","͍]s","06"
"06207","Rs","06"
"06208","Rs","06"
"06209","s","06"
"06210","Vs","06"
"06211","s","06"
"06212","ԑs","06"
"06213","zs","06"
"06301","RSRӒ","06"
"06302","RSR","06"
"06321","RS͖k","06"
"06322","RS쒬","06"
"06323","RS","06"
"06324","RS]","06"
"06341","kRSΓc","06"
"06361","ŏSR","06"
"06362","ŏSŏ㒬","06"
"06363","ŏSM`","06"
"06364","ŏS^쒬","06"
"06365","ŏS呠","06"
"06366","ŏS쑺","06"
"06367","ŏSˑ","06"
"06381","uS","06"
"06382","uS쐼","06"
"06401","uS","06"
"06402","uS钬","06"
"06403","uSіL","06"
"06426","cSO쒬","06"
"06428","cS","06"
"06461","OCSV","06"
"07201","s","07"
"07202","Îᏼs","07"
"07203","SRs","07"
"07204","킫s","07"
"07205","͎s","07"
"07207","{s","07"
"07208","쑽s","07"
"07209","ns","07"
"07210","{s","07"
"07211","cs","07"
"07212","쑊ns","07"
"07213","ɒBs","07"
"07214","{{s","07"
"07301","ɒBSKܒ","07"
"07303","ɒBS","07"
"07308","ɒBS얓","07"
"07322","BSʑ","07"
"07342","␣SΒ","07"
"07344","␣SVh","07"
"07362","ÌS","07"
"07364","ÌSw}","07"
"07367","ÌS","07"
"07368","ÌSÒ","07"
"07402","떃Sk","07"
"07405","떃SÒ","07"
"07407","떃S֒","07"
"07408","떃Sc㒬","07"
"07421","͏SÍ≺","07"
"07422","͏S쑺","07"
"07423","͏SÒ","07"
"07444","SO","07"
"07445","SR","07"
"07446","Sa","07"
"07447","SÔ","07"
"07461","͌S","07"
"07464","͌S葺","07"
"07465","͌S","07"
"07466","͌S","07"
"07481","SIq","07"
"07482","SՒ","07"
"07483","S","07"
"07484","SL쑺","07"
"07501","ΐSΐ쒬","07"
"07502","ΐSʐ쑺","07"
"07503","ΐSc","07"
"07504","ΐS쒬","07"
"07505","ΐSÓa","07"
"07521","cSOt","07"
"07522","cS쒬","07"
"07541","otSL쒬","07"
"07542","otSt","07"
"07543","otSx","07"
"07544","otS","07"
"07545","otSF","07"
"07546","otSot","07"
"07547","otSQ]","07"
"07548","otS","07"
"07561","nSVn","07"
"07564","nSъڑ","07"
"08201","ˎs","08"
"08202","s","08"
"08203","yYs","08"
"08204","É͎s","08"
"08205","Ήs","08"
"08207","s","08"
"08208","Ps","08"
"08210","Ȏs","08"
"08211","푍s","08"
"08212","헤cs","08"
"08214","s","08"
"08215","ks","08"
"08216","}Ԏs","08"
"08217","s","08"
"08219","vs","08"
"08220","Ύs","08"
"08221","ЂȂs","08"
"08222","s","08"
"08223","s","08"
"08224","Js","08"
"08225","헤{s","08"
"08226","߉ώs","08"
"08227","}s","08"
"08228","Ⓦs","08"
"08229","~s","08"
"08230","݂s","08"
"08231","s","08"
"08232","_s","08"
"08233","ss","08"
"08234","gcs","08"
"08235","΂݂炢s","08"
"08236","ʎs","08"
"08302","S钬","08"
"08309","S","08"
"08310","S闢","08"
"08341","߉όSC","08"
"08364","vSq","08"
"08442","~SY","08"
"08443","~S","08"
"08447","~S͓","08"
"08521","S㒬","08"
"08542","S܉","08"
"08546","S","08"
"08564","knS","08"
"09201","Fs{s","09"
"09202","s","09"
"09203","Ȗ؎s","09"
"09204","s","09"
"09205","s","09"
"09206","s","09"
"09208","Rs","09"
"09209","^s","09"
"09210","cs","09"
"09211","s","09"
"09213","ߐ{s","09"
"09214","s","09"
"09215","ߐ{GRs","09"
"09216","s","09"
"09301","͓SO쒬","09"
"09342","FSvq","09"
"09343","FSΖؒ","09"
"09344","FSsL","09"
"09345","FSF꒬","09"
"09361","sSp","09"
"09364","sSؒ","09"
"09384","JSJ","09"
"09386","JS","09"
"09407","ߐ{Sߐ{","09"
"09411","ߐ{S߉ϐ쒬","09"
"10201","Os","10"
"10202","s","10"
"10203","ːs","10"
"10204","ɐs","10"
"10205","cs","10"
"10206","cs","10"
"10207","ٗюs","10"
"10208","as","10"
"10209","s","10"
"10210","xs","10"
"10211","s","10"
"10212","݂ǂs","10"
"10344","kQnSY","10"
"10345","kQnSg","10"
"10366","S쑺","10"
"10367","S_","10"
"10382","ÊySmc","10"
"10383","ÊySq","10"
"10384","ÊySÊy","10"
"10421","ȌSV","10"
"10424","ȌS쌴","10"
"10425","ȌSڗ","10"
"10426","ȌSÒ","10"
"10428","ȌSR","10"
"10429","ȌSȒ","10"
"10443","SЕi","10"
"10444","Sꑺ","10"
"10448","Sa","10"
"10449","S݂Ȃݒ","10"
"10464","gSʑ","10"
"10521","WySq","10"
"10522","WySa","10"
"10523","WySc","10"
"10524","WyS","10"
"10525","WySWy","10"
"11101","܎s","11"
"11102","܎sk","11"
"11103","܎s{","11"
"11104","܎s","11"
"11105","܎s","11"
"11106","܎s","11"
"11107","܎sYa","11"
"11108","܎s","11"
"11109","܎s΋","11"
"11110","܎s΋","11"
"11201","zs","11"
"11202","FJs","11"
"11203","s","11"
"11206","scs","11"
"11207","s","11"
"11208","s","11"
"11209","є\s","11"
"11210","{s","11"
"11211","{s","11"
"11212","Rs","11"
"11214","ts","11"
"11215","Rs","11"
"11216","Hs","11"
"11217","s","11"
"11218","[Js","11"
"11219","s","11"
"11221","s","11"
"11222","zJs","11"
"11223","ns","11"
"11224","˓cs","11"
"11225","Ԏs","11"
"11227","s","11"
"11228","u؎s","11"
"11229","as","11"
"11230","Vs","11"
"11231","s","11"
"11232","vs","11"
"11233","k{s","11"
"11234","s","11"
"11235","xms","11"
"11237","Os","11"
"11238","@cs","11"
"11239","ˎs","11"
"11240","Ks","11"
"11241","߃s","11"
"11242","s","11"
"11243","gs","11"
"11245","ӂݖs","11"
"11246","s","11"
"11301","kSɓޒ","11"
"11324","ԌSOF","11"
"11326","ԌSјCR","11"
"11327","ԌSz","11"
"11341","S쒬","11"
"11342","SR","11"
"11343","S쒬","11"
"11346","S쓇","11"
"11347","Sg","11"
"11348","SR","11"
"11349","SƂ풬","11"
"11361","S","11"
"11362","SF쒬","11"
"11363","SҒ","11"
"11365","S쒬","11"
"11369","S","11"
"11381","ʌS","11"
"11383","ʌS_쒬","11"
"11385","ʌS㗢","11"
"11408","嗢S񋏒","11"
"11442","ʌS{㒬","11"
"11464","kS˒","11"
"11465","kS","11"
"12101","ts","12"
"12102","tsԌ","12"
"12103","tsы","12"
"12104","tst","12"
"12105","ts΋","12"
"12106","tsl","12"
"12202","qs","12"
"12203","ss","12"
"12204","Ds","12"
"12205","َRs","12"
"12206","؍XÎs","12"
"12207","ˎs","12"
"12208","cs","12"
"12210","Όs","12"
"12211","cs","12"
"12212","qs","12"
"12213","s","12"
"12215","s","12"
"12216","Kus","12"
"12217","s","12"
"12218","Ys","12"
"12219","ss","12"
"12220","Rs","12"
"12221","s","12"
"12222","䑷qs","12"
"12223","s","12"
"12224","PJs","12"
"12225","NÎs","12"
"12226","xÎs","12"
"12227","Ys","12"
"12228","lXs","12"
"12229","PYs","12"
"12230","Xs","12"
"12231","󐼎s","12"
"12232","s","12"
"12233","xs","12"
"12234","[s","12"
"12235","xs","12"
"12236","s","12"
"12237","Rs","12"
"12238","ݎs","12"
"12239","Ԕs","12"
"12322","׌SX䒬","12"
"12329","׌Sh","12"
"12342","S_蒬","12"
"12347","SÒ","12"
"12349","S","12"
"12403","RS\㗢","12"
"12409","RSŎR","12"
"12410","RSŌ","12"
"12421","S{","12"
"12422","Sr","12"
"12423","S","12"
"12424","Sq","12"
"12426","S","12"
"12427","S쒬","12"
"12441","΋S命쒬","12"
"12443","΋Sh","12"
"12463","[S쒬","12"
"13101","c","13"
"13102","","13"
"13103","`","13"
"13104","Vh","13"
"13105","","13"
"13106","䓌","13"
"13107","nc","13"
"13108","]","13"
"13109","i","13"
"13110","ڍ","13"
"13111","c","13"
"13112","cJ","13"
"13113","aJ","13"
"13114","","13"
"13115","","13"
"13116","L","13"
"13117","k","13"
"13118","r","13"
"13119","","13"
"13120","n","13"
"13121","","13"
"13122","","13"
"13123","]ː","13"
"13201","qs","13"
"13202","s","13"
"13203","s","13"
"13204","Os","13"
"13205","~s","13"
"13206","{s","13"
"13207","s","13"
"13208","zs","13"
"13209","cs","13"
"13210","s","13"
"13211","s","13"
"13212","s","13"
"13213","Rs","13"
"13214","s","13"
"13215","s","13"
"13218","s","13"
"13219","]s","13"
"13220","as","13"
"13221","s","13"
"13222","vĎs","13"
"13223","Rs","13"
"13224","s","13"
"13225","s","13"
"13227","Hs","13"
"13228","s","13"
"13229","s","13"
"13303","S䒬","13"
"13305","S̏o","13"
"13307","Sw","13"
"13308","S","13"
"13361","哇","13"
"13362","","13"
"13363","V","13"
"13364","_Ó","13"
"13381","OO","13"
"13382","䑠","13"
"13401","䓇䒬","13"
"13402","","13"
"13421","}","13"
"14101","lsߌ","14"
"14102","ls_ސ","14"
"14103","ls","14"
"14104","ls","14"
"14105","ls","14"
"14106","lsۓyPJ","14"
"14107","lsq","14"
"14108","ls","14"
"14109","ls`k","14"
"14110","ls˒ˋ","14"
"14111","ls`","14"
"14112","ls","14"
"14113","ls΋","14"
"14114","lsJ","14"
"14115","lsh","14"
"14116","ls","14"
"14117","lst","14"
"14118","lss}","14"
"14131","s","14"
"14132","sK","14"
"14133","s","14"
"14134","sË","14"
"14135","s","14"
"14136","s{O","14"
"14137","s","14"
"14151","͌s΋","14"
"14152","͌s","14"
"14153","͌s","14"
"14201","{s","14"
"14203","ˎs","14"
"14204","qs","14"
"14205","s","14"
"14206","cs","14"
"14207","s","14"
"14208","qs","14"
"14210","OYs","14"
"14211","`s","14"
"14212","؎s","14"
"14213","as","14"
"14214","ɐs","14"
"14215","CVs","14"
"14216","Ԏs","14"
"14217","쑫s","14"
"14218","s","14"
"14301","OYStR","14"
"14321","S쒬","14"
"14341","S钬","14"
"14342","S{","14"
"14361","S䒬","14"
"14362","S䒬","14"
"14363","Sc","14"
"14364","SRk","14"
"14366","SJ","14"
"14382","S","14"
"14383","S^ߒ","14"
"14384","S͌","14"
"14401","bS쒬","14"
"14402","bS쑺","14"
"15101","Vsk","15"
"15102","Vs","15"
"15103","Vs","15"
"15104","Vs]","15"
"15105","VsHt","15"
"15106","Vs","15"
"15107","Vs","15"
"15108","Vs","15"
"15202","s","15"
"15204","Os","15"
"15205","s","15"
"15206","Vcs","15"
"15208","Js","15"
"15209","Ύs","15"
"15210","\s","15"
"15211","s","15"
"15212","s","15"
"15213","s","15"
"15216","s","15"
"15217","s","15"
"15218","ܐs","15"
"15222","zs","15"
"15223","s","15"
"15224","ns","15"
"15225","s","15"
"15226","싛s","15"
"15227","ٓs","15"
"15307","kSĒ","15"
"15342","SF","15"
"15361","슗Sc㒬","15"
"15385","S꒬","15"
"15405","OSo_蒬","15"
"15461","싛S","15"
"15482","SÓ쒬","15"
"15504","HSH","15"
"15581","DS֐쑺","15"
"15586","DSY","15"
"16201","xRs","16"
"16202","s","16"
"16204","Îs","16"
"16205","Xs","16"
"16206","s","16"
"16207","s","16"
"16208","vgs","16"
"16209","s","16"
"16210","vs","16"
"16211","ːs","16"
"16321","VSM","16"
"16322","VSs","16"
"16323","VSR","16"
"16342","VSP","16"
"16343","VS","16"
"17201","s","17"
"17202","s","17"
"17203","s","17"
"17204","֓s","17"
"17205","Fs","17"
"17206","s","17"
"17207","Hs","17"
"17209","قs","17"
"17210","Rs","17"
"17211","\s","17"
"17212","Xss","17"
"17324","\Sk","17"
"17361","͖kSÔ","17"
"17365","͖kS咬","17"
"17384","HSu꒬","17"
"17386","HSBu","17"
"17407","S\o","17"
"17461","PS","17"
"17463","PS\o","17"
"18201","s","18"
"18202","։s","18"
"18204","ls","18"
"18205","s","18"
"18206","Rs","18"
"18207","I]s","18"
"18208","s","18"
"18209","zOs","18"
"18210","s","18"
"18322","gcSi","18"
"18382","Src","18"
"18404","SzO","18"
"18423","OSzO","18"
"18442","OSl","18"
"18481","ьSl","18"
"18483","ьS","18"
"18501","O㒆Sዷ","18"
"19201","b{s","19"
"19202","xmgcs","19"
"19204","ss","19"
"19205","Rs","19"
"19206","匎s","19"
"19207","Bs","19"
"19208","AvXs","19"
"19209","kms","19"
"19210","bs","19"
"19211","Js","19"
"19212","쌴s","19"
"19213","bBs","19"
"19214","s","19"
"19346","SsO","19"
"19364","싐S쒬","19"
"19365","싐Sg","19"
"19366","싐S암","19"
"19368","싐Sxm쒬","19"
"19384","Sa","19"
"19422","sSu","19"
"19423","sSj","19"
"19424","sSE쑺","19"
"19425","sSRΑ","19"
"19429","sS","19"
"19430","sSxm͌Β","19"
"19442","ksS","19"
"19443","ksSOgR","19"
"20201","s","20"
"20202","{s","20"
"20203","cs","20"
"20204","Js","20"
"20205","ѓcs","20"
"20206","zKs","20"
"20207","{s","20"
"20208","s","20"
"20209","ɓߎs","20"
"20210","s","20"
"20211","s","20"
"20212","咬s","20"
"20213","юRs","20"
"20214","s","20"
"20215","Ks","20"
"20217","vs","20"
"20218","Ȏs","20"
"20219","s","20"
"20220","ܖs","20"
"20303","썲vSC","20"
"20304","썲vS㑺","20"
"20305","썲vSq","20"
"20306","썲vS쑊ؑ","20"
"20307","썲vSkؑ","20"
"20309","썲vSv䒬","20"
"20321","kvSy","20"
"20323","kvSc","20"
"20324","kvSȒ","20"
"20349","Sؑ","20"
"20350","Sa","20"
"20361","zKSzK","20"
"20362","zKSxm","20"
"20363","zKS","20"
"20382","ɓߌSC쒬","20"
"20383","ɓߌS֒","20"
"20384","ɓߌSѓ","20"
"20385","ɓߌS얥֑","20"
"20386","ɓߌS쑺","20"
"20388","ɓߌS{c","20"
"20402","ɓߌS쒬","20"
"20403","ɓߌSX","20"
"20404","ɓߌS쒬","20"
"20407","ɓߌSq","20"
"20409","ɓߌSJ","20"
"20410","ɓߌSH","20"
"20411","ɓߌS","20"
"20412","ɓߌSؑ","20"
"20413","ɓߌSV","20"
"20414","ɓߌSו","20"
"20415","ɓߌSؑ","20"
"20416","ɓߌSLu","20"
"20417","ɓߌS厭","20"
"20422","ؑ]S㏼","20"
"20423","ؑ]Sؑ]","20"
"20425","ؑ]Sؑc","20"
"20429","ؑ]Sꑺ","20"
"20430","ؑ]SK","20"
"20432","ؑ]Sؑ]","20"
"20446","}Sё","20"
"20448","}S⑺","20"
"20450","}SR`","20"
"20451","}S","20"
"20452","}S}k","20"
"20481","k܌Src","20"
"20482","k܌S쑺","20"
"20485","k܌Sn","20"
"20486","k܌SJ","20"
"20521","ȌS钬","20"
"20541","㍂Sz{","20"
"20543","㍂SR","20"
"20561","SRm","20"
"20562","Sؓ","20"
"20563","S򉷐","20"
"20583","㐅SMZ","20"
"20588","㐅S쑺","20"
"20590","㐅Sэj","20"
"20602","Sh","20"
"21201","򕌎s","21"
"21202","_s","21"
"21203","Rs","21"
"21204","s","21"
"21205","֎s","21"
"21206","Ðs","21"
"21207","Zs","21"
"21208","Qs","21"
"21209","Hs","21"
"21210","bߎs","21"
"21211","ZΎs","21"
"21212","ys","21"
"21213","es","21"
"21214","s","21"
"21215","Rs","21"
"21216","s","21"
"21217","ˎs","21"
"21218","{s","21"
"21219","Ss","21"
"21220","Cs","21"
"21221","CÎs","21"
"21302","HS쒬","21"
"21303","HS}","21"
"21341","{VS{V","21"
"21361","sjS䒬","21"
"21362","sjSփP","21"
"21381","S_˒","21"
"21382","S֔V","21"
"21383","S","21"
"21401","KSK쒬","21"
"21403","KS쒬","21"
"21404","KSrc","21"
"21421","{Sk","21"
"21501","ΌSj","21"
"21502","ΌSx","21"
"21503","ΌSӒ","21"
"21504","ΌS@","21"
"21505","ΌSSÒ","21"
"21506","ΌS쒬","21"
"21507","ΌS쑺","21"
"21521","S䐓","21"
"21604","S쑺","21"
"22101","És","22"
"22102","Ésx͋","22"
"22103","És","22"
"22131","ls","22"
"22132","ls","22"
"22133","ls","22"
"22134","ls","22"
"22135","lsk","22"
"22136","lslk","22"
"22137","lsV","22"
"22203","Îs","22"
"22205","MCs","22"
"22206","Os","22"
"22207","xm{s","22"
"22208","ɓs","22"
"22209","cs","22"
"22210","xms","22"
"22211","֓cs","22"
"22212","ĒÎs","22"
"22213","|s","22"
"22214","}s","22"
"22215","as","22"
"22216","܈s","22"
"22219","cs","22"
"22220","s","22"
"22221","ΐs","22"
"22222","ɓs","22"
"22223","Os","22"
"22224","es","22"
"22225","ɓ̍s","22"
"22226","qVs","22"
"22301","ΌSɓ","22"
"22302","ΌS͒Ò","22"
"22304","ΌSɓ","22"
"22305","ΌS蒬","22"
"22306","ΌSɓ","22"
"22325","cS쒬","22"
"22341","xS","22"
"22342","xS","22"
"22344","xSR","22"
"22424","YSgc","22"
"22429","YS썪{","22"
"22461","qSX","22"
"23101","És","23"
"23102","És","23"
"23103","Ésk","23"
"23104","És","23"
"23105","És","23"
"23106","És","23"
"23107","Ésa","23"
"23108","És","23"
"23109","ÉsMc","23"
"23110","És","23"
"23111","És`","23"
"23112","És","23"
"23113","ÉsR","23"
"23114","És΋","23"
"23115","És","23"
"23116","ÉsV","23"
"23201","Ls","23"
"23202","s","23"
"23203","{s","23"
"23204","ˎs","23"
"23205","cs","23"
"23206","ts","23"
"23207","Ls","23"
"23208","Ós","23"
"23209","ɓs","23"
"23210","Js","23"
"23211","Lcs","23"
"23212","s","23"
"23213","s","23"
"23214","Ss","23"
"23215","Rs","23"
"23216","튊s","23"
"23217","]s","23"
"23219","qs","23"
"23220","s","23"
"23221","Vs","23"
"23222","Cs","23"
"23223","{s","23"
"23224","ms","23"
"23225","ms","23"
"23226","s","23"
"23227","ls","23"
"23228","qs","23"
"23229","Ls","23"
"23230","is","23"
"23231","cs","23"
"23232","s","23"
"23233","{s","23"
"23234","kÉs","23"
"23235","xs","23"
"23236","݂悵s","23"
"23237","܎s","23"
"23238","vs","23"
"23302","mS","23"
"23342","tSLR","23"
"23361","OHS","23"
"23362","OHS}K","23"
"23424","CS厡","23"
"23425","CSI]","23"
"23427","CS򓇑","23"
"23441","mSv䒬","23"
"23442","mSY","23"
"23445","mSm","23"
"23446","mSl","23"
"23447","mSL","23"
"23501","zcSKc","23"
"23561","k݊yS݊y","23"
"23562","k݊ySh","23"
"23563","k݊ySL","23"
"24201","Îs","24"
"24202","lss","24"
"24203","ɐs","24"
"24204","s","24"
"24205","Ks","24"
"24207","鎭s","24"
"24208","s","24"
"24209","hs","24"
"24210","TRs","24"
"24211","Hs","24"
"24212","Fs","24"
"24214","Ȃ׎s","24"
"24215","us","24"
"24216","ɉs","24"
"24303","KSؑ]","24"
"24324","ٌS","24"
"24341","OdSԖ쒬","24"
"24343","OdS","24"
"24344","OdSz","24"
"24441","CSC","24"
"24442","CSa","24"
"24443","CS䒬","24"
"24461","xSʏ钬","24"
"24470","xSx","24"
"24471","xSI","24"
"24472","xSɐ","24"
"24543","kKSIk","24"
"24561","어KSl","24"
"24562","어KSI","24"
"25201","Îs","25"
"25202","Fs","25"
"25203","ls","25"
"25204","ߍ]s","25"
"25206","Îs","25"
"25207","Rs","25"
"25208","Is","25"
"25209","bs","25"
"25210","Fs","25"
"25211","Γs","25"
"25212","s","25"
"25213","ߍ]s","25"
"25214","Čs","25"
"25383","S쒬","25"
"25384","S","25"
"25425","mS","25"
"25441","SL","25"
"25442","Sbǒ","25"
"25443","S꒬","25"
"26101","ssk","26"
"26102","ss㋞","26"
"26103","ss","26"
"26104","ss","26"
"26105","ssR","26"
"26106","ss","26"
"26107","ss","26"
"26108","ssE","26"
"26109","ss","26"
"26110","ssRȋ","26"
"26111","ss","26"
"26201","mRs","26"
"26202","ߎs","26"
"26203","s","26"
"26204","Fs","26"
"26205","{Îs","26"
"26206","Ts","26"
"26207","zs","26"
"26208","s","26"
"26209","s","26"
"26210","s","26"
"26211","cӎs","26"
"26212","Os","26"
"26213","Os","26"
"26214","ؒÐs","26"
"26303","PSR蒬","26"
"26322","vSvR","26"
"26343","ԊS蒬","26"
"26344","ԊSFc","26"
"26364","yS}u","26"
"26365","ySa","26"
"26366","ySؒ","26"
"26367","ySR鑺","26"
"26407","DSOg","26"
"26463","^ӌSɍ","26"
"26465","^ӌS^Ӗ쒬","26"
"27102","ss","27"
"27103","s","27"
"27104","sԋ","27"
"27106","s","27"
"27107","s`","27"
"27108","s吳","27"
"27109","sV","27"
"27111","sQ","27"
"27113","s","27"
"27114","s","27"
"27115","s","27"
"27116","s","27"
"27117","s","27"
"27118","s铌","27"
"27119","s{","27"
"27120","sZg","27"
"27121","sZg","27"
"27122","s","27"
"27123","s","27"
"27124","sߌ","27"
"27125","sZV]","27"
"27126","s","27"
"27127","sk","27"
"27128","s","27"
"27141","s","27"
"27142","s","27"
"27143","s","27"
"27144","s","27"
"27145","s","27"
"27146","sk","27"
"27147","s","27"
"27202","ݘacs","27"
"27203","Ls","27"
"27204","rcs","27"
"27205","cs","27"
"27206","Îs","27"
"27207","Ύs","27"
"27208","Lˎs","27"
"27209","s","27"
"27210","s","27"
"27211","؎s","27"
"27212","s","27"
"27213","򍲖s","27"
"27214","xcюs","27"
"27215","Qs","27"
"27216","͓s","27"
"27217","s","27"
"27218","哌s","27"
"27219","as","27"
"27220","ʎs","27"
"27221","s","27"
"27222","Hgs","27"
"27223","^s","27"
"27224","ےÎs","27"
"27225","Ύs","27"
"27226","䎛s","27"
"27227","s","27"
"27228","s","27"
"27229","ls","27"
"27230","s","27"
"27231","㋷Rs","27"
"27232","s","27"
"27301","OS{","27"
"27321","L\SL\","27"
"27322","L\S\","27"
"27341","kS","27"
"27361","SF撬","27"
"27362","ScK","27"
"27366","S","27"
"27381","͓Sq","27"
"27382","͓S͓쒬","27"
"27383","͓S瑁ԍ㑺","27"
"28101","_ˎs","28"
"28102","_ˎs","28"
"28105","_ˎsɋ","28"
"28106","_ˎsc","28"
"28107","_ˎs{","28"
"28108","_ˎs","28"
"28109","_ˎsk","28"
"28110","_ˎs","28"
"28111","_ˎs","28"
"28201","PHs","28"
"28202","s","28"
"28203","Ύs","28"
"28204","{s","28"
"28205","F{s","28"
"28206","s","28"
"28207","ɒOs","28"
"28208","s","28"
"28209","Ls","28"
"28210","Ðs","28"
"28212","ԕs","28"
"28213","es","28"
"28214","ˎs","28"
"28215","O؎s","28"
"28216","s","28"
"28217","쐼s","28"
"28218","s","28"
"28219","Ocs","28"
"28220","s","28"
"28221","OgRs","28"
"28222","{s","28"
"28223","Ogs","28"
"28224","삠킶s","28"
"28225","s","28"
"28226","WHs","28"
"28227","s","28"
"28228","s","28"
"28229","̎s","28"
"28301","ӌS쒬","28"
"28365","S","28"
"28381","ÌS","28"
"28382","ÌSd","28"
"28442","_Ss쒬","28"
"28443","_S蒬","28"
"28446","_S_͒","28"
"28464","KیSq","28"
"28481","ԕSS","28"
"28501","pSp","28"
"28585","S","28"
"28586","SV","28"
"29201","ޗǎs","29"
"29202","acs","29"
"29203","aSRs","29"
"29204","Vs","29"
"29205","s","29"
"29206","s","29"
"29207","ܞs","29"
"29208","䏊s","29"
"29209","s","29"
"29210","Ŏs","29"
"29211","s","29"
"29212","FɎs","29"
"29322","RӌSRY","29"
"29342","SQ","29"
"29343","SO","29"
"29344","S","29"
"29345","Sg","29"
"29361","S쐼","29"
"29362","SO","29"
"29363","Sc{","29"
"29385","FɌS]","29"
"29386","FɌS","29"
"29401","sS撬","29"
"29402","sS","29"
"29424","kSq","29"
"29425","kS","29"
"29426","kSL˒","29"
"29427","kS͍","29"
"29441","gSg쒬","29"
"29442","gS嗄","29"
"29443","gSs","29"
"29444","gSꑺ","29"
"29446","gSV쑺","29"
"29447","gS씗쑺","29"
"29449","gS\Ð쑺","29"
"29450","gSkR","29"
"29451","gSkR","29"
"29452","gS㑺","29"
"29453","gSg쑺","29"
"30201","a̎Rs","30"
"30202","Cs","30"
"30203","{s","30"
"30204","Lcs","30"
"30205","Vs","30"
"30206","cӎs","30"
"30207","V{s","30"
"30208","I̐s","30"
"30209","os","30"
"30304","CSI쒬","30"
"30341","ɓsS炬","30"
"30343","ɓsSxR","30"
"30344","ɓsS쒬","30"
"30361","LcS","30"
"30362","LcSL쒬","30"
"30366","LcSLc쒬","30"
"30381","Sl","30"
"30382","S","30"
"30383","SRǒ","30"
"30390","S쒬","30"
"30391","S݂Ȃג","30"
"30392","S쒬","30"
"30401","KSl","30"
"30404","KSxc","30"
"30406","KSݒ","30"
"30421","KSߒqY","30"
"30422","KSn","30"
"30424","KSÍ쒬","30"
"30427","KSkR","30"
"30428","KS{","30"
"31201","s","31"
"31202","Ďqs","31"
"31203","qgs","31"
"31204","`s","31"
"31302","S","31"
"31325","S","31"
"31328","Sq","31"
"31329","S","31"
"31364","SO","31"
"31370","Sl","31"
"31371","SՉY","31"
"31372","Skh","31"
"31384","SgÑ","31"
"31386","SR","31"
"31389","S암","31"
"31390","S˒","31"
"31401","S쒬","31"
"31402","S쒬","31"
"31403","S]{","31"
"32201","]s","32"
"32202","lcs","32"
"32203","o_s","32"
"32204","vcs","32"
"32205","cs","32"
"32206","s","32"
"32207","]Îs","32"
"32209","_s","32"
"32343","mSo_","32"
"32386","ѐΌSѓ쒬","32"
"32441","WqS{","32"
"32448","WqS","32"
"32449","WqSW쒬","32"
"32501","SØa쒬","32"
"32505","Sg꒬","32"
"32525","BSCm","32"
"32526","BSm","32"
"32527","BSmv","32"
"32528","BSB̓","32"
"33101","Rsk","33"
"33102","Rs","33"
"33103","Rs","33"
"33104","Rs","33"
"33202","q~s","33"
"33203","ÎRs","33"
"33204","ʖs","33"
"33205","}s","33"
"33207","䌴s","33"
"33208","Ўs","33"
"33209","s","33"
"33210","Vs","33"
"33211","Os","33"
"33212","˓s","33"
"33213","Ԕ֎s","33"
"33214","^s","33"
"33215","s","33"
"33216","s","33"
"33346","aCSaC","33"
"33423","sES","33"
"33445","S","33"
"33461","cS|","33"
"33586","^SV","33"
"33606","ϓcS쒬","33"
"33622","cS","33"
"33623","cSދ`","33"
"33643","pcSq","33"
"33663","vČSvē쒬","33"
"33666","vČS璬","33"
"33681","Sg","33"
"34101","Ls","34"
"34102","Ls","34"
"34103","Ls","34"
"34104","Ls","34"
"34105","Ls","34"
"34106","Lsk","34"
"34107","Ls|","34"
"34108","Ls","34"
"34202","s","34"
"34203","|s","34"
"34204","Os","34"
"34205","s","34"
"34207","Rs","34"
"34208","{s","34"
"34209","Os","34"
"34210","s","34"
"34211","|s","34"
"34212","Ls","34"
"34213","ss","34"
"34214","|cs","34"
"34215","]cs","34"
"34302","|S{","34"
"34304","|SCc","34"
"34307","|SF쒬","34"
"34309","|S⒬","34"
"34368","RS|c","34"
"34369","RSkL","34"
"34431","LcS㓇","34"
"34462","S","34"
"34545","_ΌS_΍","34"
"35201","֎s","35"
"35202","Fs","35"
"35203","Rs","35"
"35204","s","35"
"35206","h{s","35"
"35207","s","35"
"35208","⍑s","35"
"35210","s","35"
"35211","s","35"
"35212","s","35"
"35213","Is","35"
"35215","s","35"
"35216","Rzcs","35"
"35305","哇Sh哇","35"
"35321","όSaؒ","35"
"35341","FьS֒","35"
"35343","FьScz{","35"
"35344","FьS","35"
"35502","S","35"
"36201","s","36"
"36202","s","36"
"36203","s","36"
"36204","s","36"
"36205","gs","36"
"36206","gs","36"
"36207","ns","36"
"36208","ODs","36"
"36301","YSY","36"
"36302","YS㏟","36"
"36321","S߉͓","36"
"36341","SΈ䒬","36"
"36342","S_R","36"
"36368","߉S߉꒬","36"
"36383","CS","36"
"36387","CSg","36"
"36388","CSCz","36"
"36401","SΒ","36"
"36402","Sk","36"
"36403","SZ","36"
"36404","S쒬","36"
"36405","S","36"
"36468","nS邬","36"
"36489","ODS݂悵","36"
"37201","s","37"
"37202","ۋTs","37"
"37203","os","37"
"37204","Pʎs","37"
"37205","ωs","37"
"37206","ʂs","37"
"37207","s","37"
"37208","OLs","37"
"37322","Sy","37"
"37324","S","37"
"37341","ؓcSOؒ","37"
"37364","S","37"
"37386","̌SFÒ","37"
"37387","̌S쒬","37"
"37403","xSՕ","37"
"37404","xSxÒ","37"
"37406","xS܂̂","37"
"38201","Rs","38"
"38202","s","38"
"38203","Fas","38"
"38204","ls","38"
"38205","Vls","38"
"38206","s","38"
"38207","Fs","38"
"38210","ɗ\s","38"
"38213","ls","38"
"38214","\s","38"
"38215","s","38"
"38356","zqS㓇","38"
"38386","㕂Sv","38"
"38401","ɗ\SO","38"
"38402","ɗ\Su","38"
"38422","쑽Sq","38"
"38442","FaSɕ","38"
"38484","kFaS쒬","38"
"38488","kFaSSk","38"
"38506","FaS쒬","38"
"39201","ms","39"
"39202","ˎs","39"
"39203","|s","39"
"39204","썑s","39"
"39205","ys","39"
"39206","{s","39"
"39208","hюs","39"
"39209","ys","39"
"39210","l\s","39"
"39211","s","39"
"39212","s","39"
"39301","|Sm","39"
"39302","|Sޔ","39"
"39303","|Sc쒬","39"
"39304","|Sc","39"
"39305","|Sk쑺","39"
"39306","|SnH","39"
"39307","|S|","39"
"39341","S{R","39"
"39344","SL","39"
"39363","ySy","39"
"39364","yS쑺","39"
"39386","S̒","39"
"39387","Sm쒬","39"
"39401","Sy","39"
"39402","S쒬","39"
"39403","Szm","39"
"39405","S","39"
"39410","S","39"
"39411","SÖ쒬","39"
"39412","Sl\","39"
"39424","S匎","39"
"39427","SO","39"
"39428","S","39"
"40101","kBsi","40"
"40103","kBsᏼ","40"
"40105","kBs˔","40"
"40106","kBsqk","40"
"40107","kBsq","40"
"40108","kBs","40"
"40109","kBs","40"
"40131","s","40"
"40132","s","40"
"40133","s","40"
"40134","s","40"
"40135","s","40"
"40136","s","40"
"40137","sǋ","40"
"40202","喴cs","40"
"40203","vĎs","40"
"40204","s","40"
"40205","ђˎs","40"
"40206","cs","40"
"40207","s","40"
"40210","s","40"
"40211","}s","40"
"40212","s","40"
"40213","ss","40"
"40214","LOs","40"
"40215","Ԏs","40"
"40216","Ss","40"
"40217","}s","40"
"40218","ts","40"
"40219","s","40"
"40220","@s","40"
"40221","ɕ{s","40"
"40223","És","40"
"40224","Îs","40"
"40225","͎s","40"
"40226","{s","40"
"40227","Ös","40"
"40228","qs","40"
"40229","݂܎s","40"
"40230","s","40"
"40231","߉ϐs","40"
"40341","SF","40"
"40342","SI","40"
"40343","Suƒ","40"
"40344","S{","40"
"40345","SV{","40"
"40348","SvR","40"
"40349","S","40"
"40381","S","40"
"40382","S","40"
"40383","S_","40"
"40384","S꒬","40"
"40401","ƎS|","40"
"40402","ƎSƎ蒬","40"
"40421","ÕSj쒬","40"
"40447","qS}O","40"
"40448","qS","40"
"40503","OS品","40"
"40522","OkSؒ","40"
"40544","SL쒬","40"
"40601","cSt","40"
"40602","cSYc","40"
"40604","cSc","40"
"40605","cS蒬","40"
"40608","cSC","40"
"40609","cSԑ","40"
"40610","cSq","40"
"40621","sSc","40"
"40625","sS݂₱","40"
"40642","zSgx","40"
"40646","zSђ","40"
"40647","zSz㒬","40"
"41201","s","41"
"41202","Îs","41"
"41203","s","41"
"41204","vs","41"
"41205","ɖs","41"
"41206","Ys","41"
"41207","s","41"
"41208","s","41"
"41209","s","41"
"41210","_s","41"
"41327","_Sg샖","41"
"41341","O{SR","41"
"41345","O{S","41"
"41346","O{S݂₫","41"
"41387","YSC","41"
"41401","YSLc","41"
"41423","nS咬","41"
"41424","nS]k","41"
"41425","nSΒ","41"
"41441","ÌSǒ","41"
"42201","s","42"
"42202","ێs","42"
"42203","s","42"
"42204","|s","42"
"42205","呺s","42"
"42207","ˎs","42"
"42208","Ys","42"
"42209","Δns","42"
"42210","s","42"
"42211","ܓs","42"
"42212","Cs","42"
"42213","_s","42"
"42214","쓇s","42"
"42307","ދnS^","42"
"42308","ދnSÒ","42"
"42321","ދnSދn","42"
"42322","ދnSI","42"
"42323","ދnSg","42"
"42383","kYSl꒬","42"
"42391","kYSX","42"
"42411","쏼YSVܓ","42"
"43101","F{s","43"
"43102","F{s","43"
"43103","F{s","43"
"43104","F{s","43"
"43105","F{sk","43"
"43202","s","43"
"43203","lgs","43"
"43204","rs","43"
"43205","s","43"
"43206","ʖs","43"
"43208","Rs","43"
"43210","ers","43"
"43211","Fys","43"
"43212","Vs","43"
"43213","Fs","43"
"43214","hs","43"
"43215","Vs","43"
"43216","us","43"
"43348","vS","43"
"43364","ʖSʓ","43"
"43367","ʖS֒","43"
"43368","ʖSF","43"
"43369","ʖSa","43"
"43403","erSÒ","43"
"43404","erSez","43"
"43423","hS쏬","43"
"43424","hS","43"
"43425","hSYR","43"
"43428","hSX","43"
"43432","hS","43"
"43433","hS숢h","43"
"43441","vSD","43"
"43442","vSÓ","43"
"43443","vSv钬","43"
"43444","vSb","43"
"43447","vSRs","43"
"43468","SX쒬","43"
"43482","kSk","43"
"43484","kSÓޖؒ","43"
"43501","Sђ","43"
"43505","Sǖؒ","43"
"43506","SO","43"
"43507","S㑺","43"
"43510","SǑ","43"
"43511","Sܖؑ","43"
"43512","SR]","43"
"43513","S","43"
"43514","S蒬","43"
"43531","VSk","43"
"44201","啪s","44"
"44202","ʕ{s","44"
"44203","Îs","44"
"44204","cs","44"
"44205","s","44"
"44206","Pns","44"
"44207","Ëvs","44"
"44208","|cs","44"
"44209","L㍂cs","44"
"44210","nzs","44"
"44211","Fs","44"
"44212","Ls","44"
"44213","Rzs","44"
"44214","s","44"
"44322","SP","44"
"44341","So","44"
"44461","Sd","44"
"44462","S쒬","44"
"45201","{s","45"
"45202","ss","45"
"45203","s","45"
"45204","s","45"
"45205","юs","45"
"45206","s","45"
"45207","Ԏs","45"
"45208","ss","45"
"45209","т̎s","45"
"45341","kSOҒ","45"
"45361","S","45"
"45382","Sx","45"
"45383","S","45"
"45401","S璬","45"
"45402","SVx","45"
"45403","SėǑ","45"
"45404","S؏钬","45"
"45405","S쒬","45"
"45406","Ss_","45"
"45421","PnS쒬","45"
"45429","PnSˑ","45"
"45430","PnSŗt","45"
"45431","PnS","45"
"45441","PnS䒬","45"
"45442","PnSVe","45"
"45443","PnS܃","45"
"46201","s","46"
"46203","s","46"
"46204","s","46"
"46206","vs","46"
"46208","os","46"
"46210","whs","46"
"46213","V\s","46"
"46214","s","46"
"46215","Fs","46"
"46216","us","46"
"46217","]s","46"
"46218","s","46"
"46219","ؖs","46"
"46220","삳܎s","46"
"46221","uzus","46"
"46222","s","46"
"46223","Bs","46"
"46224","ɍs","46"
"46225","ǎs","46"
"46303","SO","46"
"46304","S\","46"
"46392","FSܒ","46"
"46404","oS","46"
"46452","ǌSN","46"
"46468","]S蒬","46"
"46482","̑Sǒ","46"
"46490","̑Sэ]","46"
"46491","̑S","46"
"46492","̑S̕t","46"
"46501","FьSq","46"
"46502","FьSq","46"
"46505","FьSv","46"
"46523","哇Sa","46"
"46524","哇SF","46"
"46525","哇S˓","46"
"46527","哇S","46"
"46529","哇SE","46"
"46530","哇SV","46"
"46531","哇SV钬","46"
"46532","哇Sɐ咬","46"
"46533","哇Sa","46"
"46534","哇Sm","46"
"46535","哇S^_","46"
"47201","ߔes","47"
"47205","Xps","47"
"47207","Ί_s","47"
"47208","YYs","47"
"47209","s","47"
"47210","s","47"
"47211","s","47"
"47212","Ls","47"
"47213","܎s","47"
"47214","{Ós","47"
"47215","s","47"
"47301","S","47"
"47302","SX","47"
"47303","S","47"
"47306","SAm","47"
"47308","S{","47"
"47311","S[","47"
"47313","SX","47"
"47314","S","47"
"47315","Sɍ]","47"
"47324","SǒJ","47"
"47325","SÎ[","47"
"47326","SkJ","47"
"47327","Sk鑺","47"
"47328","S鑺","47"
"47329","S","47"
"47348","KS^ߌ","47"
"47350","KS앗","47"
"47353","KSnÕ~","47"
"47354","KSԖ","47"
"47355","KS","47"
"47356","KSn쑺","47"
"47357","KS哌","47"
"47358","KSk哌","47"
"47359","KSɕ","47"
"47360","KSɐ","47"
"47361","KSvē","47"
"47362","KSd","47"
"47375","{ÌSǊԑ","47"
"47381","dRS|x","47"
"47382","dRS^ߍ","47"
